trial,observation_pair_1,observation_pair_2,observation_pair_3,observation_pair_4,observation_pair_5,observation_pair_6,observation_pair_7,observation_pair_8,observation_pair_9,observation_pair_10
-1.0,-1.0,-1.0,-1.0,-1.0,-1.0,-1.0,-1.0,-1.0,-1.0,-1.0
1.0,18.116259511467035,7.313209163944921,7.532549849993929,-7.39290379772986,-7.927566618639302,-8.079295125314042,-17.26277778554154,-0.023438377076810873,24.576,-24.576,-0.02246548560772725
1.0,20.078233060236716,17.406581254021987,17.90900890564565,17.701578410829402,16.16622111750885,16.336762343988458,21.162056895656512,0.1227989312787443,22.16017506627011,22.16017506627011,0.11656187852053534
2.0,-9.37394643357463,7.328301210038915,8.038605745183117,8.168591843575404,15.50522205296561,-0.023438385232862475,-0.022885271254623876,-0.018508668583457927,0.010891154306927926,8.192,-0.0061992747583935375
2.0,19.155146393666822,17.476251366165346,16.071552322234403,17.1827533335561,21.450160785957113,0.12279898397078526,0.1192412021211311,0.09219647054966629,0.0498718956286659,17.404272982216227,0.02684277282421732
